,obj_name,labeling_error,spherical,ill,ill_chars,ill_spherical,num_diff,bending,obj_rotation_roll,obj_rotation_pitch,obj_rotation_yaw,fliplr,position_x,position_y,arm_position,obj_color,obj_color_rgba,bg_color,bg_color_rgba,resolution,id,original_id,_attributes_status,label,__module__,__name__,filename,sphere_diff,pred
835,peaky,False,0.000380811859698,0,"['mutation_color', 'med_sphere_diff', 'high_bend']",0.31328566835147603,1,0.23424425800392001,-0.367959525995367,0.56068103446742,-0.51598991533805,False,-0.09677901168677801,-0.409557643019387,0.15855659018061202,0.693208696101404,"[0.46208877943874405, 0.081478272281317, 0.14841824803383102, 1.0]",0.105479879908892,"[0.358414977364705, 0.478426170070588, 0.89679464557647, 1.0]","[128, 128]",0a43a265-1afa-47a5-807e-402622e5b3c8,,"{'obj_name': 'sampled', 'labeling_error': 'sampled', 'spherical': 'sampled', 'ill': 'sampled', 'ill_chars': 'sampled', 'ill_spherical': 'sampled', 'num_diff': 'sampled', 'bending': 'sampled', 'obj_rotation_roll': 'sampled', 'obj_rotation_pitch': 'sampled', 'obj_rotation_yaw': 'sampled', 'fliplr': 'sampled', 'position_x': 'sampled', 'position_y': 'sampled', 'arm_position': 'sampled', 'bg_color': 'sampled', 'obj_color': 'sampled'}",peaky,two4two.scene_parameters,SceneParameters,0a43a265-1afa-47a5-807e-402622e5b3c8.png,0.312904856491778,0
2686,peaky,False,0.21354958800588703,0,"['med_sphere_diff', 'mutation_color']",0.6831018343392611,1,0.060834688473982004,0.952238473643862,-0.6484855570647551,-2.252041775885108,False,-0.38780128441123,-0.24818011813751603,0.13788978680435002,0.49503463442191004,"[0.16020105150002, 0.137446583962042, 0.141046244812102, 1.0]",0.306027545190299,"[0.6300885300352941, 0.7525162397058821, 0.998508012341176, 1.0]","[128, 128]",a3bff5d0-4186-461e-bbaa-c5d5d089ac8f,,"{'obj_name': 'sampled', 'labeling_error': 'sampled', 'spherical': 'sampled', 'ill': 'sampled', 'ill_chars': 'sampled', 'ill_spherical': 'sampled', 'num_diff': 'sampled', 'bending': 'sampled', 'obj_rotation_roll': 'sampled', 'obj_rotation_pitch': 'sampled', 'obj_rotation_yaw': 'sampled', 'fliplr': 'sampled', 'position_x': 'sampled', 'position_y': 'sampled', 'arm_position': 'sampled', 'bg_color': 'sampled', 'obj_color': 'sampled'}",peaky,two4two.scene_parameters,SceneParameters,a3bff5d0-4186-461e-bbaa-c5d5d089ac8f.png,0.46955224633337406,0
445,peaky,False,0.39424233664568803,0,['med_sphere_diff'],0.8138915566946241,2,0.056244636267531005,-0.681980347240096,-0.45654708850155806,-0.145571759420556,False,-0.07265107303601301,-0.155895544847777,0.396496040548444,0.185489149532193,"[0.21989304727490103, 0.357357795083014, 0.46486218356364706, 1.0]",0.30912927337407603,"[0.635473822458823, 0.7567139921764701, 0.99829655910196, 1.0]","[128, 128]",abc0790a-e02d-432e-9b1c-7af815cd99c0,,"{'obj_name': 'sampled', 'labeling_error': 'sampled', 'spherical': 'sampled', 'ill': 'sampled', 'ill_chars': 'sampled', 'ill_spherical': 'sampled', 'num_diff': 'sampled', 'bending': 'sampled', 'obj_rotation_roll': 'sampled', 'obj_rotation_pitch': 'sampled', 'obj_rotation_yaw': 'sampled', 'fliplr': 'sampled', 'position_x': 'sampled', 'position_y': 'sampled', 'arm_position': 'sampled', 'bg_color': 'sampled', 'obj_color': 'sampled'}",peaky,two4two.scene_parameters,SceneParameters,abc0790a-e02d-432e-9b1c-7af815cd99c0.png,0.41964922004893607,0
1720,peaky,False,0.323607620126568,0,['mutation_color'],0.23256338483969302,2,0.074188232912164,0.41507639790864104,0.60310513954063,-0.32364655229023703,False,-0.723908766378325,-0.031096098726606004,0.252590277652511,0.757138500966791,"[0.5590522723169861, 0.06476478053130301, 0.15301881514218002, 1.0]",0.12162340780854501,"[0.37859824927058805, 0.503856217192156, 0.9136916108470581, 1.0]","[128, 128]",9ea15ed1-2360-4090-94c0-c2e12adce048,,"{'obj_name': 'sampled', 'labeling_error': 'sampled', 'spherical': 'sampled', 'ill': 'sampled', 'ill_chars': 'sampled', 'ill_spherical': 'sampled', 'num_diff': 'sampled', 'bending': 'sampled', 'obj_rotation_roll': 'sampled', 'obj_rotation_pitch': 'sampled', 'obj_rotation_yaw': 'sampled', 'fliplr': 'sampled', 'position_x': 'sampled', 'position_y': 'sampled', 'arm_position': 'sampled', 'bg_color': 'sampled', 'obj_color': 'sampled'}",peaky,two4two.scene_parameters,SceneParameters,9ea15ed1-2360-4090-94c0-c2e12adce048.png,0.091044235286875,0
1453,peaky,False,0.001218989312727,0,"['med_sphere_diff', 'mutation_color', 'med_bend', 'stretchy']",0.41292325987291906,3,0.170265772325147,0.8043095552241071,-0.7552889754937081,-0.505475297349224,False,-0.092252447017602,-0.564879958191979,0.6815829276456581,0.021128355598356,"[0.0063760225359330005, 0.481162941344322, 0.6945003472366611, 1.0]",0.613722401984761,"[0.954565822360784, 0.7790545618666661, 0.692530859807843, 1.0]","[128, 128]",0a6a8b66-04f9-443f-a92f-8da31418674a,,"{'obj_name': 'sampled', 'labeling_error': 'sampled', 'spherical': 'sampled', 'ill': 'sampled', 'ill_chars': 'sampled', 'ill_spherical': 'sampled', 'num_diff': 'sampled', 'bending': 'sampled', 'obj_rotation_roll': 'sampled', 'obj_rotation_pitch': 'sampled', 'obj_rotation_yaw': 'sampled', 'fliplr': 'sampled', 'position_x': 'sampled', 'position_y': 'sampled', 'arm_position': 'sampled', 'bg_color': 'sampled', 'obj_color': 'sampled'}",peaky,two4two.scene_parameters,SceneParameters,0a6a8b66-04f9-443f-a92f-8da31418674a.png,0.41170427056019204,0
1304,peaky,False,0.7301568955934421,0,"['high_bend', 'mutation_color', 'med_sphere_diff']",0.345030831409657,3,0.292944147177615,-0.816591567985646,0.9441770482596311,-0.45577879505805,False,-0.37025859130270306,-0.12438264097823401,0.48759343989817006,0.251205697908286,"[0.08138161517131401, 0.31356570923230104, 0.424634297294107, 1.0]",0.803244273764328,"[0.929357138294117, 0.512253534745098, 0.400672743156862, 1.0]","[128, 128]",d9960909-f564-40da-9ee7-2c08662ebf0e,,"{'obj_name': 'sampled', 'labeling_error': 'sampled', 'spherical': 'sampled', 'ill': 'sampled', 'ill_chars': 'sampled', 'ill_spherical': 'sampled', 'num_diff': 'sampled', 'bending': 'sampled', 'obj_rotation_roll': 'sampled', 'obj_rotation_pitch': 'sampled', 'obj_rotation_yaw': 'sampled', 'fliplr': 'sampled', 'position_x': 'sampled', 'position_y': 'sampled', 'arm_position': 'sampled', 'bg_color': 'sampled', 'obj_color': 'sampled'}",peaky,two4two.scene_parameters,SceneParameters,d9960909-f564-40da-9ee7-2c08662ebf0e.png,0.3851260641837851,0
2294,peaky,False,0.000377208600582,0,[],0.060164999921422005,3,0.036524616875621,-0.5991392032634151,0.661661191689147,-0.6741131337812061,False,-0.186427018550981,-0.127527550912338,0.42148151888428304,0.6367503032921791,"[0.35139356142160505, 0.161359072666687, 0.17487817117131402, 1.0]",0.28114692987170903,"[0.592355859498039, 0.722792029254901, 0.9994338748235291, 1.0]","[128, 128]",976dae6d-b230-4907-a011-043c66af1845,,"{'obj_name': 'sampled', 'labeling_error': 'sampled', 'spherical': 'sampled', 'ill': 'sampled', 'ill_chars': 'sampled', 'ill_spherical': 'sampled', 'num_diff': 'sampled', 'bending': 'sampled', 'obj_rotation_roll': 'sampled', 'obj_rotation_pitch': 'sampled', 'obj_rotation_yaw': 'sampled', 'fliplr': 'sampled', 'position_x': 'sampled', 'position_y': 'sampled', 'arm_position': 'sampled', 'bg_color': 'sampled', 'obj_color': 'sampled'}",peaky,two4two.scene_parameters,SceneParameters,976dae6d-b230-4907-a011-043c66af1845.png,0.05978779132084001,0
1213,peaky,False,1.145969923505077,0,"['med_sphere_diff', 'mutation_mainbones', 'med_bend']",0.6938625077750721,1,0.146607584567263,0.460488670937344,0.829896101170513,-0.074308886617966,False,-0.47062402729165304,-0.5613162003341441,0.20445782358921502,0.14853648296973102,"[0.226897090723328, 0.382213370967713, 0.501655239115691, 1.0]",0.7144546375721481,"[0.9673165156666661, 0.657470828807843, 0.538160150729411, 1.0]","[128, 128]",4a413017-f8a3-4186-aa45-f3ef696c275a,,"{'obj_name': 'sampled', 'labeling_error': 'sampled', 'spherical': 'sampled', 'ill': 'sampled', 'ill_chars': 'sampled', 'ill_spherical': 'sampled', 'num_diff': 'sampled', 'bending': 'sampled', 'obj_rotation_roll': 'sampled', 'obj_rotation_pitch': 'sampled', 'obj_rotation_yaw': 'sampled', 'fliplr': 'sampled', 'position_x': 'sampled', 'position_y': 'sampled', 'arm_position': 'sampled', 'bg_color': 'sampled', 'obj_color': 'sampled'}",peaky,two4two.scene_parameters,SceneParameters,4a413017-f8a3-4186-aa45-f3ef696c275a.png,0.452107415730005,0
89,peaky,False,1.131575409956468,0,"['med_sphere_diff', 'mutation_mainbones']",0.7492902392875601,1,0.11226567707272801,-0.8894792905975111,-0.44170213395628805,-2.559080641478304,False,-0.265475171174458,-0.53778196038587,0.38630866500932604,0.5942386340275221,"[0.291235090767128, 0.153203395274873, 0.16275975657196, 1.0]",0.558139541286916,"[0.9193759889058821, 0.8312727235294111, 0.782873630447058, 1.0]","[128, 128]",27b1da38-1b35-407c-aca8-4cfcea75f896,,"{'obj_name': 'sampled', 'labeling_error': 'sampled', 'spherical': 'sampled', 'ill': 'sampled', 'ill_chars': 'sampled', 'ill_spherical': 'sampled', 'num_diff': 'sampled', 'bending': 'sampled', 'obj_rotation_roll': 'sampled', 'obj_rotation_pitch': 'sampled', 'obj_rotation_yaw': 'sampled', 'fliplr': 'sampled', 'position_x': 'sampled', 'position_y': 'sampled', 'arm_position': 'sampled', 'bg_color': 'sampled', 'obj_color': 'sampled'}",peaky,two4two.scene_parameters,SceneParameters,27b1da38-1b35-407c-aca8-4cfcea75f896.png,0.382285170668908,0
888,peaky,False,0.137551994768564,0,"['mutation_color', 'high_sphere_diff']",0.8111234535261681,2,0.055202120253431006,-0.999076363562273,0.7309666621962001,-0.465911639120191,False,-0.7380397569285111,-0.132281927904285,0.5147809636684321,0.7845970187487391,"[0.601473800451217, 0.05745262789067201, 0.155031563252083, 1.0]",0.24338896096304602,"[0.543440193992156, 0.6800025894117641, 0.9930505169882351, 1.0]","[128, 128]",54d52a66-a1e2-438e-9f42-175cc76248fc,,"{'obj_name': 'sampled', 'labeling_error': 'sampled', 'spherical': 'sampled', 'ill': 'sampled', 'ill_chars': 'sampled', 'ill_spherical': 'sampled', 'num_diff': 'sampled', 'bending': 'sampled', 'obj_rotation_roll': 'sampled', 'obj_rotation_pitch': 'sampled', 'obj_rotation_yaw': 'sampled', 'fliplr': 'sampled', 'position_x': 'sampled', 'position_y': 'sampled', 'arm_position': 'sampled', 'bg_color': 'sampled', 'obj_color': 'sampled'}",peaky,two4two.scene_parameters,SceneParameters,54d52a66-a1e2-438e-9f42-175cc76248fc.png,0.673571458757604,0
1500,peaky,False,0.9965886034373741,0,['mutation_color'],0.804340937063262,3,0.116288063402723,0.37438506151240103,0.605868102655926,-0.454341157110482,False,-0.6206035447194941,-0.032049396259673,0.45938571781866905,0.264431808279775,"[0.085195458864639, 0.305043816074063, 0.410912294754655, 1.0]",0.344355221910398,"[0.683055681560784, 0.7900426268901961, 0.9897684281843131, 1.0]","[128, 128]",eac32a1b-c04e-4628-9377-70cfed19ffdc,,"{'obj_name': 'sampled', 'labeling_error': 'sampled', 'spherical': 'sampled', 'ill': 'sampled', 'ill_chars': 'sampled', 'ill_spherical': 'sampled', 'num_diff': 'sampled', 'bending': 'sampled', 'obj_rotation_roll': 'sampled', 'obj_rotation_pitch': 'sampled', 'obj_rotation_yaw': 'sampled', 'fliplr': 'sampled', 'position_x': 'sampled', 'position_y': 'sampled', 'arm_position': 'sampled', 'bg_color': 'sampled', 'obj_color': 'sampled'}",peaky,two4two.scene_parameters,SceneParameters,eac32a1b-c04e-4628-9377-70cfed19ffdc.png,0.19224766637411206,0
2796,peaky,False,0.764128653649854,0,"['high_bend', 'mutation_color']",0.696215571470422,2,0.237400471395204,0.46503238370307803,-0.6807622514523031,-0.923000172959595,False,-0.163654658006882,-0.13010230922214502,0.149372721739871,0.8396119084121201,"[0.686316856719679, 0.042828322609410004, 0.159057059471888, 1.0]",0.260741432202566,"[0.565181581223529, 0.699438444941176, 0.9966350701176471, 1.0]","[128, 128]",cd099c51-fa15-4681-bf2a-3684a8f7dfe7,,"{'obj_name': 'sampled', 'labeling_error': 'sampled', 'spherical': 'sampled', 'ill': 'sampled', 'ill_chars': 'sampled', 'ill_spherical': 'sampled', 'num_diff': 'sampled', 'bending': 'sampled', 'obj_rotation_roll': 'sampled', 'obj_rotation_pitch': 'sampled', 'obj_rotation_yaw': 'sampled', 'fliplr': 'sampled', 'position_x': 'sampled', 'position_y': 'sampled', 'arm_position': 'sampled', 'bg_color': 'sampled', 'obj_color': 'sampled'}",peaky,two4two.scene_parameters,SceneParameters,cd099c51-fa15-4681-bf2a-3684a8f7dfe7.png,0.06791308217943204,0
243,peaky,False,0.006540656726254,0,['stretchy'],0.19664290584374902,2,0.072584417827773,-0.6685125218275121,0.6613950923343731,-1.319098669400848,False,-0.5783993835812431,-0.574314530273143,0.783538817719297,0.25218418833739703,"[0.206663187427873, 0.310408373967471, 0.39536418974312104, 1.0]",0.223454435005791,"[0.516260302541176, 0.6544976105882351, 0.9864073998117641, 1.0]","[128, 128]",0575626d-1155-4f79-a8ed-151c82499cee,,"{'obj_name': 'sampled', 'labeling_error': 'sampled', 'spherical': 'sampled', 'ill': 'sampled', 'ill_chars': 'sampled', 'ill_spherical': 'sampled', 'num_diff': 'sampled', 'bending': 'sampled', 'obj_rotation_roll': 'sampled', 'obj_rotation_pitch': 'sampled', 'obj_rotation_yaw': 'sampled', 'fliplr': 'sampled', 'position_x': 'sampled', 'position_y': 'sampled', 'arm_position': 'sampled', 'bg_color': 'sampled', 'obj_color': 'sampled'}",peaky,two4two.scene_parameters,SceneParameters,0575626d-1155-4f79-a8ed-151c82499cee.png,0.19010224911749501,0
2833,peaky,False,0.795563971524741,0,"['med_sphere_diff', 'high_bend']",0.44052748914598605,1,0.28635989342268303,0.651171609799831,-0.6591297439373951,-0.8685763236988261,False,-0.13081277890645202,-0.056147659432847004,0.081795603237032,0.8499944214660421,"[0.6467169628163131, 0.20139603440831902, 0.23436857011359502, 1.0]",0.616853447501992,"[0.954565822360784, 0.7790545618666661, 0.692530859807843, 1.0]","[128, 128]",a0f7fbc0-ac09-41f1-8083-d037b4ddb194,,"{'obj_name': 'sampled', 'labeling_error': 'sampled', 'spherical': 'sampled', 'ill': 'sampled', 'ill_chars': 'sampled', 'ill_spherical': 'sampled', 'num_diff': 'sampled', 'bending': 'sampled', 'obj_rotation_roll': 'sampled', 'obj_rotation_pitch': 'sampled', 'obj_rotation_yaw': 'sampled', 'fliplr': 'sampled', 'position_x': 'sampled', 'position_y': 'sampled', 'arm_position': 'sampled', 'bg_color': 'sampled', 'obj_color': 'sampled'}",peaky,two4two.scene_parameters,SceneParameters,a0f7fbc0-ac09-41f1-8083-d037b4ddb194.png,0.35503648237875496,0
2908,peaky,False,0.8266182928081971,1,"['stretchy', 'high_sphere_diff', 'med_bend']",0.286469439767495,2,0.198650327167495,-0.8773173638999021,-0.66041823237606,-2.56995395844192,False,-0.05801291724902,-0.47479078730101404,0.500092449216176,0.803877210259882,"[0.581089540284155, 0.19249893179906702, 0.22114848145975502, 1.0]",0.612985145842436,"[0.9527607176705881, 0.7829647976, 0.698645771305882, 1.0]","[128, 128]",c5c9f278-9329-41ac-b2f4-df0068815ff6,,"{'obj_name': 'sampled', 'labeling_error': 'sampled', 'spherical': 'sampled', 'ill': 'sampled', 'ill_chars': 'sampled', 'ill_spherical': 'sampled', 'num_diff': 'sampled', 'bending': 'sampled', 'obj_rotation_roll': 'sampled', 'obj_rotation_pitch': 'sampled', 'obj_rotation_yaw': 'sampled', 'fliplr': 'sampled', 'position_x': 'sampled', 'position_y': 'sampled', 'arm_position': 'sampled', 'bg_color': 'sampled', 'obj_color': 'sampled'}",peaky,two4two.scene_parameters,SceneParameters,c5c9f278-9329-41ac-b2f4-df0068815ff6.png,0.5401488530407021,1
2160,peaky,False,0.9943503334065471,1,"['stretchy', 'high_bend', 'med_sphere_diff']",0.5215008460466101,3,0.316718779978567,-0.420046607276905,-0.946741416779846,-2.44661012204394,False,-0.602505222364425,-0.513292390635783,0.7207502892839741,0.7620455179216941,"[0.5264000215073581, 0.18508467962469102, 0.210131740914888, 1.0]",0.4013958938882,"[0.7536106180000001, 0.8302328510000001, 0.960871157, 1.0]","[128, 128]",2fdd906b-a9b2-4c4b-b66b-94ab1efb1f97,,"{'obj_name': 'sampled', 'labeling_error': 'sampled', 'spherical': 'sampled', 'ill': 'sampled', 'ill_chars': 'sampled', 'ill_spherical': 'sampled', 'num_diff': 'sampled', 'bending': 'sampled', 'obj_rotation_roll': 'sampled', 'obj_rotation_pitch': 'sampled', 'obj_rotation_yaw': 'sampled', 'fliplr': 'sampled', 'position_x': 'sampled', 'position_y': 'sampled', 'arm_position': 'sampled', 'bg_color': 'sampled', 'obj_color': 'sampled'}",peaky,two4two.scene_parameters,SceneParameters,2fdd906b-a9b2-4c4b-b66b-94ab1efb1f97.png,0.47284948735993704,1
811,peaky,False,0.9888683970939761,1,"['stretchy', 'high_sphere_diff', 'mutation_color']",0.48361384680637104,3,0.01232814407567,0.812942041366408,-0.8883032346478701,-2.420550896182218,False,-0.5577011937335861,-0.14038025065259302,0.7031956274958301,0.93741108080887,"[0.8378223143419321, 0.016713491750013, 0.166245445578684, 1.0]",0.542869222515403,"[0.9061541340352941, 0.84209106517647, 0.806150593082352, 1.0]","[128, 128]",6ee36074-0245-4135-b404-3158ecbfe6f5,,"{'obj_name': 'sampled', 'labeling_error': 'sampled', 'spherical': 'sampled', 'ill': 'sampled', 'ill_chars': 'sampled', 'ill_spherical': 'sampled', 'num_diff': 'sampled', 'bending': 'sampled', 'obj_rotation_roll': 'sampled', 'obj_rotation_pitch': 'sampled', 'obj_rotation_yaw': 'sampled', 'fliplr': 'sampled', 'position_x': 'sampled', 'position_y': 'sampled', 'arm_position': 'sampled', 'bg_color': 'sampled', 'obj_color': 'sampled'}",peaky,two4two.scene_parameters,SceneParameters,6ee36074-0245-4135-b404-3158ecbfe6f5.png,0.5052545502876051,1
1579,peaky,False,0.000579719474883,1,"['high_bend', 'high_sphere_diff', 'mutation_color']",0.591376853466254,2,0.26173458124138804,0.631277287303589,-0.43257400854681205,-2.433777425893598,False,-0.252409576455147,-0.262241418426003,0.5167219003610121,0.6685270491044251,"[0.42572746960940305, 0.08774583168757201, 0.1466930353682, 1.0]",0.9076451672271081,"[0.8301865219490191, 0.30473276355294104, 0.25489142806666604, 1.0]","[128, 128]",09a4fcaa-a63d-4a51-a177-4b22a8da18bf,,"{'obj_name': 'sampled', 'labeling_error': 'sampled', 'spherical': 'sampled', 'ill': 'sampled', 'ill_chars': 'sampled', 'ill_spherical': 'sampled', 'num_diff': 'sampled', 'bending': 'sampled', 'obj_rotation_roll': 'sampled', 'obj_rotation_pitch': 'sampled', 'obj_rotation_yaw': 'sampled', 'fliplr': 'sampled', 'position_x': 'sampled', 'position_y': 'sampled', 'arm_position': 'sampled', 'bg_color': 'sampled', 'obj_color': 'sampled'}",peaky,two4two.scene_parameters,SceneParameters,09a4fcaa-a63d-4a51-a177-4b22a8da18bf.png,0.590797133991371,1
1898,peaky,False,1.124964308886633,1,"['mutation_mainbones', 'stretchy', 'med_sphere_diff']",0.7872622796437531,3,0.018720254841755,-1.009053324844037,0.8698646917651711,-1.616678597187104,False,-0.661934343731429,-0.250678947287411,0.633912450560938,0.450584619706752,"[0.166973607886788, 0.169560110620844, 0.18687020828154102, 1.0]",0.347871769744017,"[0.6881884831921561, 0.793178379298039, 0.9880381043568621, 1.0]","[128, 128]",256a156e-d1f3-4f19-b12f-618a5eb85514,,"{'obj_name': 'sampled', 'labeling_error': 'sampled', 'spherical': 'sampled', 'ill': 'sampled', 'ill_chars': 'sampled', 'ill_spherical': 'sampled', 'num_diff': 'sampled', 'bending': 'sampled', 'obj_rotation_roll': 'sampled', 'obj_rotation_pitch': 'sampled', 'obj_rotation_yaw': 'sampled', 'fliplr': 'sampled', 'position_x': 'sampled', 'position_y': 'sampled', 'arm_position': 'sampled', 'bg_color': 'sampled', 'obj_color': 'sampled'}",peaky,two4two.scene_parameters,SceneParameters,256a156e-d1f3-4f19-b12f-618a5eb85514.png,0.33770202924287995,1
2355,peaky,False,0.9561995654495671,1,"['stretchy', 'high_bend', 'mutation_color']",1.061103644612871,1,0.27634001030187605,0.415643791462452,-0.582432216113291,-1.738153446703505,False,-0.38109267824597304,-0.48412996597774105,0.6752104909144041,0.677028735444514,"[0.437847906219183, 0.085656645218821, 0.14726810625674402, 1.0]",0.07277491453165101,"[0.31394635112941105, 0.420051661694117, 0.8549925410352941, 1.0]","[128, 128]",d9904323-8935-4005-ab74-a49b13154c0e,,"{'obj_name': 'sampled', 'labeling_error': 'sampled', 'spherical': 'sampled', 'ill': 'sampled', 'ill_chars': 'sampled', 'ill_spherical': 'sampled', 'num_diff': 'sampled', 'bending': 'sampled', 'obj_rotation_roll': 'sampled', 'obj_rotation_pitch': 'sampled', 'obj_rotation_yaw': 'sampled', 'fliplr': 'sampled', 'position_x': 'sampled', 'position_y': 'sampled', 'arm_position': 'sampled', 'bg_color': 'sampled', 'obj_color': 'sampled'}",peaky,two4two.scene_parameters,SceneParameters,d9904323-8935-4005-ab74-a49b13154c0e.png,0.10490407916330391,1
2084,peaky,False,0.00040823900336300006,1,"['high_bend', 'high_sphere_diff', 'mutation_color']",0.6971779043004911,1,0.27852224115202,0.682055081127663,0.937271536605016,-2.808215407048301,False,-0.5418512322400101,-0.371815926636453,0.19222925560807003,0.671076068213252,"[0.42572746960940305, 0.08774583168757201, 0.1466930353682, 1.0]",0.5956638212802711,"[0.9455402989098041, 0.7986057405333331, 0.723105417298039, 1.0]","[128, 128]",811602c2-63d0-48e9-90fe-a0b77c027aca,,"{'obj_name': 'sampled', 'labeling_error': 'sampled', 'spherical': 'sampled', 'ill': 'sampled', 'ill_chars': 'sampled', 'ill_spherical': 'sampled', 'num_diff': 'sampled', 'bending': 'sampled', 'obj_rotation_roll': 'sampled', 'obj_rotation_pitch': 'sampled', 'obj_rotation_yaw': 'sampled', 'fliplr': 'sampled', 'position_x': 'sampled', 'position_y': 'sampled', 'arm_position': 'sampled', 'bg_color': 'sampled', 'obj_color': 'sampled'}",peaky,two4two.scene_parameters,SceneParameters,811602c2-63d0-48e9-90fe-a0b77c027aca.png,0.6967696652971281,1
925,peaky,False,0.9504306253279261,1,"['high_sphere_diff', 'high_bend', 'stretchy', 'mutation_color']",0.30925574082760204,2,0.218677611185622,-0.657600671143534,0.90485136841885,-0.157256815589705,False,-0.739770983706839,-0.5561220848649661,0.853258184513288,0.15383984651356603,"[0.04959958439361, 0.384581485550954, 0.5389843184562061, 1.0]",0.11160852728282301,"[0.36346079534117604, 0.48478368185098003, 0.901018886894117, 1.0]","[128, 128]",be0f39a0-66bb-4340-8547-382602aa7ada,,"{'obj_name': 'sampled', 'labeling_error': 'sampled', 'spherical': 'sampled', 'ill': 'sampled', 'ill_chars': 'sampled', 'ill_spherical': 'sampled', 'num_diff': 'sampled', 'bending': 'sampled', 'obj_rotation_roll': 'sampled', 'obj_rotation_pitch': 'sampled', 'obj_rotation_yaw': 'sampled', 'fliplr': 'sampled', 'position_x': 'sampled', 'position_y': 'sampled', 'arm_position': 'sampled', 'bg_color': 'sampled', 'obj_color': 'sampled'}",peaky,two4two.scene_parameters,SceneParameters,be0f39a0-66bb-4340-8547-382602aa7ada.png,0.641174884500324,1
11,peaky,False,0.20043984336064602,1,"['high_sphere_diff', 'stretchy', 'med_bend']",0.896539499983786,2,0.15320147537824103,0.984544859792787,0.49767840284609405,-0.5673754058507671,False,-0.613791159405154,-0.46647261901908105,0.566461471754918,0.443125419766616,"[0.16853006198643902, 0.175083571928555, 0.19504644284866202, 1.0]",0.625378023675764,"[0.9595176584705881, 0.766972854509803, 0.674144715039215, 1.0]","[128, 128]",82ba0708-3eed-4c06-9e9a-48f782b1f50e,,"{'obj_name': 'sampled', 'labeling_error': 'sampled', 'spherical': 'sampled', 'ill': 'sampled', 'ill_chars': 'sampled', 'ill_spherical': 'sampled', 'num_diff': 'sampled', 'bending': 'sampled', 'obj_rotation_roll': 'sampled', 'obj_rotation_pitch': 'sampled', 'obj_rotation_yaw': 'sampled', 'fliplr': 'sampled', 'position_x': 'sampled', 'position_y': 'sampled', 'arm_position': 'sampled', 'bg_color': 'sampled', 'obj_color': 'sampled'}",peaky,two4two.scene_parameters,SceneParameters,82ba0708-3eed-4c06-9e9a-48f782b1f50e.png,0.69609965662314,1
517,peaky,False,0.9944135208116751,1,"['high_sphere_diff', 'stretchy', 'med_bend']",0.40321547475003405,2,0.17316897569486903,-0.43683101138059205,-0.805969674924605,-1.424208518485536,False,-0.74118426492235,-0.40453222056597105,0.621015156600168,0.8789362084093341,"[0.6904685778377511, 0.20732743614782, 0.243181962549488, 1.0]",0.6044266290939291,"[0.9491505082901961, 0.790785269066666, 0.71087559430196, 1.0]","[128, 128]",db03e7f8-9718-4c7e-80fd-b397794550c5,,"{'obj_name': 'sampled', 'labeling_error': 'sampled', 'spherical': 'sampled', 'ill': 'sampled', 'ill_chars': 'sampled', 'ill_spherical': 'sampled', 'num_diff': 'sampled', 'bending': 'sampled', 'obj_rotation_roll': 'sampled', 'obj_rotation_pitch': 'sampled', 'obj_rotation_yaw': 'sampled', 'fliplr': 'sampled', 'position_x': 'sampled', 'position_y': 'sampled', 'arm_position': 'sampled', 'bg_color': 'sampled', 'obj_color': 'sampled'}",peaky,two4two.scene_parameters,SceneParameters,db03e7f8-9718-4c7e-80fd-b397794550c5.png,0.5911980460616411,1
575,peaky,False,0.65287225114865,1,"['stretchy', 'high_sphere_diff', 'mutation_color']",1.191044278408067,2,0.01731291215584,0.647161075177314,-0.603033868588088,-2.333073411434127,False,-0.232889352609972,-0.777833214964445,0.6828658937991801,0.14413723192000802,"[0.045785740700286, 0.39310337870919304, 0.5527063209956581, 1.0]",0.5016201846877041,"[0.8674276350862741, 0.8643765997725491, 0.8626024620196071, 1.0]","[128, 128]",a9560d62-361e-4028-b078-95afbe555b02,,"{'obj_name': 'sampled', 'labeling_error': 'sampled', 'spherical': 'sampled', 'ill': 'sampled', 'ill_chars': 'sampled', 'ill_spherical': 'sampled', 'num_diff': 'sampled', 'bending': 'sampled', 'obj_rotation_roll': 'sampled', 'obj_rotation_pitch': 'sampled', 'obj_rotation_yaw': 'sampled', 'fliplr': 'sampled', 'position_x': 'sampled', 'position_y': 'sampled', 'arm_position': 'sampled', 'bg_color': 'sampled', 'obj_color': 'sampled'}",peaky,two4two.scene_parameters,SceneParameters,a9560d62-361e-4028-b078-95afbe555b02.png,0.538172027259417,1
1932,peaky,False,0.22461416546738103,1,"['high_bend', 'stretchy', 'high_sphere_diff', 'mutation_color']",0.887063030602204,2,0.308089363620143,-0.8164484738916611,-0.9116141847697351,-0.31471417196670304,False,-0.11963840250718401,-0.33866733849053604,0.48469237174412205,0.649283025026619,"[0.395426378084952, 0.092968797859452, 0.145255358146841, 1.0]",0.39847840101500703,"[0.7536106180000001, 0.8302328510000001, 0.960871157, 1.0]","[128, 128]",0ff36f8c-3f0f-49bd-bba8-11e0e2d21d79,,"{'obj_name': 'sampled', 'labeling_error': 'sampled', 'spherical': 'sampled', 'ill': 'sampled', 'ill_chars': 'sampled', 'ill_spherical': 'sampled', 'num_diff': 'sampled', 'bending': 'sampled', 'obj_rotation_roll': 'sampled', 'obj_rotation_pitch': 'sampled', 'obj_rotation_yaw': 'sampled', 'fliplr': 'sampled', 'position_x': 'sampled', 'position_y': 'sampled', 'arm_position': 'sampled', 'bg_color': 'sampled', 'obj_color': 'sampled'}",peaky,two4two.scene_parameters,SceneParameters,0ff36f8c-3f0f-49bd-bba8-11e0e2d21d79.png,0.662448865134823,1
1812,peaky,False,0.0035092450100280004,1,"['high_bend', 'stretchy']",0.22294047817301801,3,0.281129809502677,-0.44850003341105105,-0.46263515242206105,-0.822371063070351,False,-0.112801072498313,-0.725183117563813,0.6649937688281291,0.33391264061778103,"[0.190320419381544, 0.25241203023650705, 0.30951372678835304, 1.0]",0.6778328836361981,"[0.9691920510470581, 0.705835675717647, 0.5937042609803921, 1.0]","[128, 128]",ce0dec7d-1155-4cad-ac72-bb0b68ae8ae7,,"{'obj_name': 'sampled', 'labeling_error': 'sampled', 'spherical': 'sampled', 'ill': 'sampled', 'ill_chars': 'sampled', 'ill_spherical': 'sampled', 'num_diff': 'sampled', 'bending': 'sampled', 'obj_rotation_roll': 'sampled', 'obj_rotation_pitch': 'sampled', 'obj_rotation_yaw': 'sampled', 'fliplr': 'sampled', 'position_x': 'sampled', 'position_y': 'sampled', 'arm_position': 'sampled', 'bg_color': 'sampled', 'obj_color': 'sampled'}",peaky,two4two.scene_parameters,SceneParameters,ce0dec7d-1155-4cad-ac72-bb0b68ae8ae7.png,0.21943123316299,1
636,peaky,False,1.118003289217293,1,"['stretchy', 'mutation_mainbones', 'med_sphere_diff']",0.8024762100599191,1,0.011304723194745,0.458299480157614,-0.538947911850785,-2.178706076816035,False,-0.242694341042923,-0.5258884964371401,0.8602249696394111,0.49679450868433606,"[0.157634883288886, 0.136419342774579, 0.137812800878817, 1.0]",0.26671960405307704,"[0.5760512925333331, 0.708779878666666, 0.997754592, 1.0]","[128, 128]",7fb5c524-8f47-41f3-9fe7-536515bed02b,,"{'obj_name': 'sampled', 'labeling_error': 'sampled', 'spherical': 'sampled', 'ill': 'sampled', 'ill_chars': 'sampled', 'ill_spherical': 'sampled', 'num_diff': 'sampled', 'bending': 'sampled', 'obj_rotation_roll': 'sampled', 'obj_rotation_pitch': 'sampled', 'obj_rotation_yaw': 'sampled', 'fliplr': 'sampled', 'position_x': 'sampled', 'position_y': 'sampled', 'arm_position': 'sampled', 'bg_color': 'sampled', 'obj_color': 'sampled'}",peaky,two4two.scene_parameters,SceneParameters,7fb5c524-8f47-41f3-9fe7-536515bed02b.png,0.315527079157374,1
2003,peaky,False,0.358864227165653,0,"['med_sphere_diff', 'mutation_color', 'high_bend']",0.799503248628149,3,0.298728518091323,-0.658359569073055,0.668909132264442,-0.100073601983341,False,-0.39397664696789103,-0.25958866139305004,0.22643746866993802,0.458782463446649,"[0.148759520420046, 0.163012263436757, 0.18221225243045702, 1.0]",0.858757792536162,"[0.8846434386941171, 0.410017097882352, 0.322506549247058, 1.0]","[128, 128]",c766cabc-30e5-4d85-80da-2927a51cd819,,"{'obj_name': 'sampled', 'labeling_error': 'sampled', 'spherical': 'sampled', 'ill': 'sampled', 'ill_chars': 'sampled', 'ill_spherical': 'sampled', 'num_diff': 'sampled', 'bending': 'sampled', 'obj_rotation_roll': 'sampled', 'obj_rotation_pitch': 'sampled', 'obj_rotation_yaw': 'sampled', 'fliplr': 'sampled', 'position_x': 'sampled', 'position_y': 'sampled', 'arm_position': 'sampled', 'bg_color': 'sampled', 'obj_color': 'sampled'}",peaky,two4two.scene_parameters,SceneParameters,c766cabc-30e5-4d85-80da-2927a51cd819.png,0.440639021462496,1
937,peaky,False,0.792721041645511,0,[],0.9262507960256481,1,0.11549951249147401,-0.38589423356906205,0.7200770313318681,-2.470094301425486,False,-0.596017452623215,-0.35492135776049905,0.49681463482048804,0.13109665692417602,"[0.23078822597245402, 0.39602202423699, 0.522095825533493, 1.0]",0.8536321817172541,"[0.888390490741176, 0.41770291749019606, 0.327897911003921, 1.0]","[128, 128]",236f256c-4274-44dc-b0b8-442a8bdfef5b,,"{'obj_name': 'sampled', 'labeling_error': 'sampled', 'spherical': 'sampled', 'ill': 'sampled', 'ill_chars': 'sampled', 'ill_spherical': 'sampled', 'num_diff': 'sampled', 'bending': 'sampled', 'obj_rotation_roll': 'sampled', 'obj_rotation_pitch': 'sampled', 'obj_rotation_yaw': 'sampled', 'fliplr': 'sampled', 'position_x': 'sampled', 'position_y': 'sampled', 'arm_position': 'sampled', 'bg_color': 'sampled', 'obj_color': 'sampled'}",peaky,two4two.scene_parameters,SceneParameters,236f256c-4274-44dc-b0b8-442a8bdfef5b.png,0.13352975438013703,1
926,peaky,False,0.9900702361994331,0,"['high_sphere_diff', 'med_bend']",0.34878558050429503,3,0.15686509341708502,0.6991780950134111,-0.48373290994989804,-3.13768460327933,False,-0.738844057053849,-0.6870315141488681,0.187754390508847,0.375525085476478,"[0.181759921833467, 0.22203299304409702, 0.26454443666918903, 1.0]",0.79602403508824,"[0.9343054549058821, 0.5259175116549021, 0.412286474043137, 1.0]","[128, 128]",ef69b60e-ec3b-4e3b-ad65-14787b2c76af,,"{'obj_name': 'sampled', 'labeling_error': 'sampled', 'spherical': 'sampled', 'ill': 'sampled', 'ill_chars': 'sampled', 'ill_spherical': 'sampled', 'num_diff': 'sampled', 'bending': 'sampled', 'obj_rotation_roll': 'sampled', 'obj_rotation_pitch': 'sampled', 'obj_rotation_yaw': 'sampled', 'fliplr': 'sampled', 'position_x': 'sampled', 'position_y': 'sampled', 'arm_position': 'sampled', 'bg_color': 'sampled', 'obj_color': 'sampled'}",peaky,two4two.scene_parameters,SceneParameters,ef69b60e-ec3b-4e3b-ad65-14787b2c76af.png,0.6412846556951382,1
341,peaky,False,0.7022359653482271,0,"['med_bend', 'med_sphere_diff']",1.123863807665287,2,0.137569732360975,0.7398859718606611,0.8757350692220861,-3.064738270678936,False,-0.56636155246857,-0.070386387949148,0.33845796251860905,0.443067208364241,"[0.16853006198643902, 0.175083571928555, 0.19504644284866202, 1.0]",0.318906308871708,"[0.6461128107647051, 0.764436496529411, 0.9968684625058821, 1.0]","[128, 128]",3c053c4f-9e28-406f-b9c2-924377d30ccb,,"{'obj_name': 'sampled', 'labeling_error': 'sampled', 'spherical': 'sampled', 'ill': 'sampled', 'ill_chars': 'sampled', 'ill_spherical': 'sampled', 'num_diff': 'sampled', 'bending': 'sampled', 'obj_rotation_roll': 'sampled', 'obj_rotation_pitch': 'sampled', 'obj_rotation_yaw': 'sampled', 'fliplr': 'sampled', 'position_x': 'sampled', 'position_y': 'sampled', 'arm_position': 'sampled', 'bg_color': 'sampled', 'obj_color': 'sampled'}",peaky,two4two.scene_parameters,SceneParameters,3c053c4f-9e28-406f-b9c2-924377d30ccb.png,0.42162784231705985,1
1037,peaky,False,0.046130483796579004,0,['mutation_color'],0.276104169341275,3,0.09782396964505001,0.92432140280945,0.6702364232761141,-2.194308233268234,False,-0.7419584567787431,-0.22608539045831802,0.516768354979913,0.46259593262046506,"[0.150030801651154, 0.16017163238401103, 0.177638251583973, 1.0]",0.5784324666520091,"[0.935773769666666, 0.8122367012392151, 0.747156473584313, 1.0]","[128, 128]",c5907dc1-1804-4258-9d93-3bb2d0702ca0,,"{'obj_name': 'sampled', 'labeling_error': 'sampled', 'spherical': 'sampled', 'ill': 'sampled', 'ill_chars': 'sampled', 'ill_spherical': 'sampled', 'num_diff': 'sampled', 'bending': 'sampled', 'obj_rotation_roll': 'sampled', 'obj_rotation_pitch': 'sampled', 'obj_rotation_yaw': 'sampled', 'fliplr': 'sampled', 'position_x': 'sampled', 'position_y': 'sampled', 'arm_position': 'sampled', 'bg_color': 'sampled', 'obj_color': 'sampled'}",peaky,two4two.scene_parameters,SceneParameters,c5907dc1-1804-4258-9d93-3bb2d0702ca0.png,0.22997368554469602,1
2368,peaky,False,0.10827381514839601,0,"['mutation_color', 'med_sphere_diff', 'stretchy']",0.5015048328429931,3,0.061018006765706005,0.755231094233029,0.7843633273071541,-2.225317869681308,False,-0.019969333468335,-0.7334925138570241,0.809326925268645,0.9575546219734681,"[0.874183624171273, 0.010445932343758001, 0.167970658244314, 1.0]",0.22597600474143703,"[0.516260302541176, 0.6544976105882351, 0.9864073998117641, 1.0]","[128, 128]",0ec401e3-48a9-44e3-807c-e950d9f84760,,"{'obj_name': 'sampled', 'labeling_error': 'sampled', 'spherical': 'sampled', 'ill': 'sampled', 'ill_chars': 'sampled', 'ill_spherical': 'sampled', 'num_diff': 'sampled', 'bending': 'sampled', 'obj_rotation_roll': 'sampled', 'obj_rotation_pitch': 'sampled', 'obj_rotation_yaw': 'sampled', 'fliplr': 'sampled', 'position_x': 'sampled', 'position_y': 'sampled', 'arm_position': 'sampled', 'bg_color': 'sampled', 'obj_color': 'sampled'}",peaky,two4two.scene_parameters,SceneParameters,0ec401e3-48a9-44e3-807c-e950d9f84760.png,0.39323101769459706,1
2691,peaky,False,0.8557704546665881,1,"['stretchy', 'high_sphere_diff', 'high_bend', 'mutation_color']",0.349224851220986,3,0.27602980093837304,0.8197605806437771,-1.006323821755743,-0.673642356107628,False,-0.240714850016043,-0.404478800869764,0.57778934615499,0.5476258984091931,"[0.23786070215780902, 0.12012822195322401, 0.13777943659577402, 1.0]",0.057987330802532,"[0.29471843211764703, 0.393541929741176, 0.834384167121568, 1.0]","[128, 128]",22a11fec-8675-45c9-a24b-9a909bf9ea1d,,"{'obj_name': 'sampled', 'labeling_error': 'sampled', 'spherical': 'sampled', 'ill': 'sampled', 'ill_chars': 'sampled', 'ill_spherical': 'sampled', 'num_diff': 'sampled', 'bending': 'sampled', 'obj_rotation_roll': 'sampled', 'obj_rotation_pitch': 'sampled', 'obj_rotation_yaw': 'sampled', 'fliplr': 'sampled', 'position_x': 'sampled', 'position_y': 'sampled', 'arm_position': 'sampled', 'bg_color': 'sampled', 'obj_color': 'sampled'}",peaky,two4two.scene_parameters,SceneParameters,22a11fec-8675-45c9-a24b-9a909bf9ea1d.png,0.5065456034456021,0
617,peaky,False,1.145297103056357,1,"['mutation_mainbones', 'high_bend', 'med_sphere_diff']",0.7279440497150971,1,0.32699413388713805,-0.594045295226305,0.9456360469964541,-1.75814569243534,False,-0.738989659168599,-0.702594938104648,0.475567329379997,0.9981348536937171,"[0.854537134168144, 0.22957019267094902, 0.276232184184089, 1.0]",0.845343033433523,"[0.895884594835294, 0.433074556705882, 0.338680634517647, 1.0]","[128, 128]",1fb1acfc-03c9-4a6e-b57a-e930051d04ca,,"{'obj_name': 'sampled', 'labeling_error': 'sampled', 'spherical': 'sampled', 'ill': 'sampled', 'ill_chars': 'sampled', 'ill_spherical': 'sampled', 'num_diff': 'sampled', 'bending': 'sampled', 'obj_rotation_roll': 'sampled', 'obj_rotation_pitch': 'sampled', 'obj_rotation_yaw': 'sampled', 'fliplr': 'sampled', 'position_x': 'sampled', 'position_y': 'sampled', 'arm_position': 'sampled', 'bg_color': 'sampled', 'obj_color': 'sampled'}",peaky,two4two.scene_parameters,SceneParameters,1fb1acfc-03c9-4a6e-b57a-e930051d04ca.png,0.41735305334125994,0
1548,peaky,False,0.20782276976681402,1,"['high_bend', 'stretchy', 'mutation_color']",0.021686610125595,3,0.354079543437115,-0.7998046260688271,0.761639868333809,-0.121272775886541,False,-0.7048799892583401,-0.6502365675193641,0.676834632147813,0.9163219981063311,"[0.8075212228174811, 0.021936457921893002, 0.16480776835732402, 1.0]",0.6896291790076651,"[0.9696829796666661, 0.690483930737254, 0.5751383613647051, 1.0]","[128, 128]",27ce8b38-01a2-4787-84e3-6119acf9d2c5,,"{'obj_name': 'sampled', 'labeling_error': 'sampled', 'spherical': 'sampled', 'ill': 'sampled', 'ill_chars': 'sampled', 'ill_spherical': 'sampled', 'num_diff': 'sampled', 'bending': 'sampled', 'obj_rotation_roll': 'sampled', 'obj_rotation_pitch': 'sampled', 'obj_rotation_yaw': 'sampled', 'fliplr': 'sampled', 'position_x': 'sampled', 'position_y': 'sampled', 'arm_position': 'sampled', 'bg_color': 'sampled', 'obj_color': 'sampled'}",peaky,two4two.scene_parameters,SceneParameters,27ce8b38-01a2-4787-84e3-6119acf9d2c5.png,0.18613615964121902,0
949,peaky,False,0.45723229001681504,1,"['high_bend', 'high_sphere_diff']",0.9933438901600471,2,0.30284462621295705,-0.9383701710425041,-0.554931389424084,-0.7413606640682631,False,-0.005404521391722,-0.08768514372637701,0.353624501381241,0.147888291706812,"[0.22767531777315303, 0.384975101621568, 0.505743356399251, 1.0]",0.56477204364655,"[0.925563423, 0.825517298070588, 0.771136307811764, 1.0]","[128, 128]",66651fd4-ef75-4ce3-a1d2-255281116423,,"{'obj_name': 'sampled', 'labeling_error': 'sampled', 'spherical': 'sampled', 'ill': 'sampled', 'ill_chars': 'sampled', 'ill_spherical': 'sampled', 'num_diff': 'sampled', 'bending': 'sampled', 'obj_rotation_roll': 'sampled', 'obj_rotation_pitch': 'sampled', 'obj_rotation_yaw': 'sampled', 'fliplr': 'sampled', 'position_x': 'sampled', 'position_y': 'sampled', 'arm_position': 'sampled', 'bg_color': 'sampled', 'obj_color': 'sampled'}",peaky,two4two.scene_parameters,SceneParameters,66651fd4-ef75-4ce3-a1d2-255281116423.png,0.536111600143232,0
2976,peaky,False,1.134165073960814,1,"['mutation_mainbones', 'high_sphere_diff', 'high_bend', 'mutation_color']",0.598513232135596,2,0.246746481676608,0.7786975483289431,-0.35810574500754006,-1.075254700733686,False,-0.33393380302867504,-0.273666611552897,0.20114763811431402,0.8193802394065881,"[0.6560157651952281, 0.048051288781289, 0.15761938225052902, 1.0]",0.302279250597472,"[0.624703237611764, 0.748318487235294, 0.998719465580392, 1.0]","[128, 128]",1d690c7b-c566-482d-8940-2386ee5d5364,,"{'obj_name': 'sampled', 'labeling_error': 'sampled', 'spherical': 'sampled', 'ill': 'sampled', 'ill_chars': 'sampled', 'ill_spherical': 'sampled', 'num_diff': 'sampled', 'bending': 'sampled', 'obj_rotation_roll': 'sampled', 'obj_rotation_pitch': 'sampled', 'obj_rotation_yaw': 'sampled', 'fliplr': 'sampled', 'position_x': 'sampled', 'position_y': 'sampled', 'arm_position': 'sampled', 'bg_color': 'sampled', 'obj_color': 'sampled'}",peaky,two4two.scene_parameters,SceneParameters,1d690c7b-c566-482d-8940-2386ee5d5364.png,0.535651841825218,0
2260,peaky,False,1.113149337632352,1,"['high_bend', 'mutation_mainbones', 'med_sphere_diff']",0.649536530079855,3,0.235081683511101,-0.58335925410553,0.538674345795926,-0.225215325240286,False,-0.42240941157219203,-0.612247081150747,0.134177740285259,0.477176607842532,"[0.16152601853801202, 0.150227996043856, 0.158253387296619, 1.0]",0.753329017644197,"[0.95665321097647, 0.598033822717647, 0.477302292352941, 1.0]","[128, 128]",e60423f6-8191-4cdd-84e4-cc4895cc925f,,"{'obj_name': 'sampled', 'labeling_error': 'sampled', 'spherical': 'sampled', 'ill': 'sampled', 'ill_chars': 'sampled', 'ill_spherical': 'sampled', 'num_diff': 'sampled', 'bending': 'sampled', 'obj_rotation_roll': 'sampled', 'obj_rotation_pitch': 'sampled', 'obj_rotation_yaw': 'sampled', 'fliplr': 'sampled', 'position_x': 'sampled', 'position_y': 'sampled', 'arm_position': 'sampled', 'bg_color': 'sampled', 'obj_color': 'sampled'}",peaky,two4two.scene_parameters,SceneParameters,e60423f6-8191-4cdd-84e4-cc4895cc925f.png,0.463612807552497,0
